{
  "a_original_stats": {
    "col_nnz": [
      8,
      7,
      8,
      10,
      4,
      7,
      4,
      9,
      7,
      8,
      9,
      7,
      9,
      6,
      11,
      5,
      6,
      7,
      5,
      7,
      4,
      7,
      6,
      6,
      7,
      8,
      3,
      9,
      9,
      7,
      7,
      7
    ],
    "col_nnz_avg": 7.0,
    "col_nnz_max": 11,
    "col_nnz_min": 3,
    "cols": 32,
    "density": 0.21875,
    "nnz": 224,
    "row_nnz": [
      6,
      5,
      5,
      8,
      7,
      8,
      7,
      5,
      9,
      6,
      7,
      6,
      8,
      6,
      8,
      6,
      9,
      7,
      9,
      8,
      7,
      6,
      9,
      8,
      7,
      5,
      6,
      5,
      8,
      7,
      7,
      9
    ],
    "row_nnz_avg": 7.0,
    "row_nnz_max": 9,
    "row_nnz_min": 5,
    "rows": 32
  },
  "a_reordered_stats": {
    "col_nnz": [
      8,
      7,
      8,
      10,
      4,
      7,
      4,
      9,
      7,
      8,
      9,
      7,
      9,
      6,
      11,
      5,
      6,
      7,
      5,
      7,
      4,
      7,
      6,
      6,
      7,
      8,
      3,
      9,
      9,
      7,
      7,
      7
    ],
    "col_nnz_avg": 7.0,
    "col_nnz_max": 11,
    "col_nnz_min": 3,
    "cols": 32,
    "density": 0.21875,
    "nnz": 224,
    "row_nnz": [
      9,
      9,
      8,
      9,
      9,
      7,
      9,
      8,
      7,
      6,
      8,
      8,
      8,
      7,
      7,
      8,
      8,
      7,
      6,
      7,
      6,
      6,
      7,
      6,
      6,
      7,
      5,
      5,
      5,
      6,
      5,
      5
    ],
    "row_nnz_avg": 7.0,
    "row_nnz_max": 9,
    "row_nnz_min": 5,
    "rows": 32
  },
  "b_stats": {
    "col_nnz": [
      8,
      7,
      9,
      8,
      9,
      7,
      7,
      7,
      6,
      7,
      5,
      6,
      6,
      6,
      8,
      5,
      7,
      5,
      7,
      7,
      8,
      6,
      9,
      7,
      9,
      9,
      6,
      8,
      8,
      8,
      6,
      8
    ],
    "col_nnz_avg": 7.15625,
    "col_nnz_max": 9,
    "col_nnz_min": 5,
    "cols": 32,
    "density": 0.2236328125,
    "nnz": 229,
    "row_nnz": [
      8,
      5,
      5,
      7,
      7,
      12,
      11,
      7,
      9,
      8,
      5,
      5,
      4,
      6,
      6,
      6,
      10,
      10,
      5,
      10,
      4,
      6,
      8,
      10,
      10,
      2,
      9,
      6,
      5,
      9,
      7,
      7
    ],
    "row_nnz_avg": 7.15625,
    "row_nnz_max": 12,
    "row_nnz_min": 2,
    "rows": 32
  },
  "c_original_order_stats": {
    "col_nnz": [
      27,
      23,
      27,
      31,
      29,
      26,
      28,
      25,
      22,
      27,
      24,
      23,
      26,
      22,
      25,
      18,
      27,
      25,
      25,
      25,
      28,
      26,
      28,
      27,
      29,
      28,
      23,
      26,
      27,
      24,
      24,
      26
    ],
    "col_nnz_avg": 25.65625,
    "col_nnz_max": 31,
    "col_nnz_min": 18,
    "cols": 32,
    "density": 0.8017578125,
    "nnz": 821,
    "row_nnz": [
      28,
      24,
      20,
      30,
      29,
      25,
      28,
      20,
      31,
      20,
      27,
      21,
      30,
      23,
      29,
      26,
      28,
      24,
      29,
      28,
      26,
      25,
      30,
      26,
      25,
      19,
      26,
      18,
      25,
      30,
      25,
      26
    ],
    "row_nnz_avg": 25.65625,
    "row_nnz_max": 31,
    "row_nnz_min": 18,
    "rows": 32
  },
  "c_reordered_order_stats": {
    "col_nnz": [
      27,
      23,
      27,
      31,
      29,
      26,
      28,
      25,
      22,
      27,
      24,
      23,
      26,
      22,
      25,
      18,
      27,
      25,
      25,
      25,
      28,
      26,
      28,
      27,
      29,
      28,
      23,
      26,
      27,
      24,
      24,
      26
    ],
    "col_nnz_avg": 25.65625,
    "col_nnz_max": 31,
    "col_nnz_min": 18,
    "cols": 32,
    "density": 0.8017578125,
    "nnz": 821,
    "row_nnz": [
      31,
      29,
      30,
      26,
      28,
      29,
      30,
      30,
      30,
      23,
      25,
      26,
      28,
      28,
      26,
      29,
      25,
      25,
      28,
      24,
      25,
      26,
      25,
      20,
      21,
      27,
      24,
      20,
      18,
      26,
      20,
      19
    ],
    "row_nnz_avg": 25.65625,
    "row_nnz_max": 31,
    "row_nnz_min": 18,
    "rows": 32
  },
  "csv_metrics_after_reorder": {
    "b_row_read_reduction": 0.3883928571428571,
    "block_utilization_avg": 0.41002093545751633,
    "csv_vector_count": 137,
    "lane_utilization": 0.40875912408759124,
    "nnz": 224,
    "pe_lanes": 4,
    "row_blocks": 8,
    "valid_lane_count": 224
  },
  "csv_metrics_before_reorder": {
    "b_row_read_reduction": 0.2633928571428571,
    "block_utilization_avg": 0.3401437217673631,
    "csv_vector_count": 165,
    "lane_utilization": 0.3393939393939394,
    "nnz": 224,
    "pe_lanes": 4,
    "row_blocks": 8,
    "valid_lane_count": 224
  },
  "csv_vector_count": 137,
  "csv_vector_width": 192,
  "csv_words_per_vector": 6
}
