{
  "a_original_stats": {
    "col_nnz": [
      16,
      12,
      13,
      17,
      11,
      19,
      15,
      16,
      16,
      16,
      14,
      12,
      13,
      12,
      17,
      11,
      16,
      17,
      10,
      17,
      8,
      13,
      14,
      16,
      17,
      10,
      12,
      15,
      14,
      16,
      14,
      14
    ],
    "col_nnz_avg": 14.15625,
    "col_nnz_max": 19,
    "col_nnz_min": 8,
    "cols": 32,
    "density": 0.22119140625,
    "nnz": 453,
    "row_nnz": [
      6,
      5,
      5,
      8,
      7,
      8,
      7,
      5,
      9,
      6,
      7,
      6,
      8,
      6,
      8,
      6,
      9,
      7,
      9,
      8,
      7,
      6,
      9,
      8,
      7,
      5,
      6,
      5,
      8,
      7,
      7,
      9,
      8,
      7,
      9,
      8,
      9,
      7,
      7,
      7,
      6,
      7,
      5,
      6,
      6,
      6,
      8,
      5,
      7,
      5,
      7,
      7,
      8,
      6,
      9,
      7,
      9,
      9,
      6,
      8,
      8,
      8,
      6,
      8
    ],
    "row_nnz_avg": 7.078125,
    "row_nnz_max": 9,
    "row_nnz_min": 5,
    "rows": 64
  },
  "a_reordered_stats": {
    "col_nnz": [
      16,
      12,
      13,
      17,
      11,
      19,
      15,
      16,
      16,
      16,
      14,
      12,
      13,
      12,
      17,
      11,
      16,
      17,
      10,
      17,
      8,
      13,
      14,
      16,
      17,
      10,
      12,
      15,
      14,
      16,
      14,
      14
    ],
    "col_nnz_avg": 14.15625,
    "col_nnz_max": 19,
    "col_nnz_min": 8,
    "cols": 32,
    "density": 0.22119140625,
    "nnz": 453,
    "row_nnz": [
      9,
      9,
      9,
      9,
      8,
      9,
      9,
      9,
      9,
      7,
      8,
      7,
      8,
      7,
      8,
      8,
      7,
      7,
      8,
      7,
      8,
      8,
      8,
      6,
      9,
      8,
      8,
      9,
      7,
      8,
      8,
      7,
      8,
      7,
      6,
      7,
      7,
      7,
      7,
      7,
      6,
      6,
      6,
      8,
      7,
      6,
      5,
      5,
      6,
      6,
      7,
      6,
      6,
      5,
      7,
      6,
      5,
      6,
      5,
      5,
      5,
      6,
      6,
      5
    ],
    "row_nnz_avg": 7.078125,
    "row_nnz_max": 9,
    "row_nnz_min": 5,
    "rows": 64
  },
  "b_stats": {
    "col_nnz": [
      6,
      8,
      6,
      6,
      9,
      7,
      5,
      7,
      7,
      9,
      6,
      7,
      6,
      7,
      9,
      9,
      9,
      9,
      9,
      5,
      9,
      7,
      7,
      7,
      8,
      5,
      8,
      7,
      8,
      7,
      7,
      8,
      8,
      8,
      6,
      6,
      5,
      7,
      5,
      5,
      7,
      7,
      7,
      9,
      8,
      8,
      8,
      7,
      7,
      7,
      9,
      7,
      8,
      6,
      5,
      6,
      6,
      6,
      8,
      7,
      6,
      6,
      6,
      6
    ],
    "col_nnz_avg": 7.046875,
    "col_nnz_max": 9,
    "col_nnz_min": 5,
    "cols": 64,
    "density": 0.22021484375,
    "nnz": 451,
    "row_nnz": [
      9,
      17,
      14,
      16,
      13,
      10,
      12,
      9,
      13,
      17,
      7,
      11,
      16,
      11,
      13,
      12,
      20,
      17,
      17,
      17,
      19,
      19,
      12,
      10,
      16,
      24,
      10,
      11,
      23,
      15,
      14,
      7
    ],
    "row_nnz_avg": 14.09375,
    "row_nnz_max": 24,
    "row_nnz_min": 7,
    "rows": 32
  },
  "c_original_order_stats": {
    "col_nnz": [
      53,
      58,
      51,
      52,
      57,
      52,
      40,
      56,
      57,
      56,
      48,
      55,
      49,
      50,
      54,
      59,
      56,
      57,
      58,
      40,
      56,
      57,
      52,
      53,
      59,
      46,
      53,
      51,
      56,
      52,
      56,
      56,
      54,
      54,
      48,
      49,
      49,
      52,
      46,
      45,
      51,
      54,
      52,
      55,
      54,
      58,
      56,
      51,
      52,
      51,
      61,
      51,
      55,
      54,
      45,
      51,
      49,
      51,
      57,
      54,
      52,
      55,
      49,
      49
    ],
    "col_nnz_avg": 52.640625,
    "col_nnz_max": 61,
    "col_nnz_min": 40,
    "cols": 64,
    "density": 0.822509765625,
    "nnz": 3369,
    "row_nnz": [
      48,
      45,
      41,
      56,
      50,
      60,
      53,
      45,
      63,
      46,
      57,
      57,
      56,
      54,
      56,
      51,
      60,
      54,
      57,
      58,
      49,
      44,
      57,
      51,
      59,
      40,
      54,
      43,
      56,
      53,
      54,
      59,
      52,
      51,
      58,
      51,
      59,
      58,
      58,
      50,
      53,
      54,
      44,
      42,
      51,
      51,
      55,
      42,
      51,
      42,
      52,
      54,
      56,
      52,
      58,
      51,
      59,
      56,
      49,
      59,
      59,
      58,
      48,
      50
    ],
    "row_nnz_avg": 52.640625,
    "row_nnz_max": 63,
    "row_nnz_min": 40,
    "rows": 64
  },
  "c_reordered_order_stats": {
    "col_nnz": [
      53,
      58,
      51,
      52,
      57,
      52,
      40,
      56,
      57,
      56,
      48,
      55,
      49,
      50,
      54,
      59,
      56,
      57,
      58,
      40,
      56,
      57,
      52,
      53,
      59,
      46,
      53,
      51,
      56,
      52,
      56,
      56,
      54,
      54,
      48,
      49,
      49,
      52,
      46,
      45,
      51,
      54,
      52,
      55,
      54,
      58,
      56,
      51,
      52,
      51,
      61,
      51,
      55,
      54,
      45,
      51,
      49,
      51,
      57,
      54,
      52,
      55,
      49,
      49
    ],
    "col_nnz_avg": 52.640625,
    "col_nnz_max": 61,
    "col_nnz_min": 40,
    "cols": 64,
    "density": 0.822509765625,
    "nnz": 3369,
    "row_nnz": [
      63,
      58,
      59,
      56,
      56,
      57,
      58,
      59,
      57,
      51,
      56,
      53,
      55,
      49,
      56,
      60,
      54,
      54,
      56,
      57,
      59,
      50,
      51,
      52,
      59,
      51,
      56,
      60,
      50,
      52,
      58,
      53,
      58,
      50,
      51,
      54,
      58,
      51,
      52,
      51,
      51,
      51,
      53,
      59,
      59,
      48,
      44,
      45,
      57,
      46,
      54,
      54,
      48,
      40,
      58,
      49,
      42,
      44,
      43,
      41,
      42,
      54,
      42,
      45
    ],
    "row_nnz_avg": 52.640625,
    "row_nnz_max": 63,
    "row_nnz_min": 40,
    "rows": 64
  },
  "csv_metrics_after_reorder": {
    "b_row_read_reduction": 0.39293598233995586,
    "block_utilization_avg": 0.41166318638200894,
    "csv_vector_count": 275,
    "lane_utilization": 0.4118181818181818,
    "nnz": 453,
    "pe_lanes": 4,
    "row_blocks": 16,
    "valid_lane_count": 453
  },
  "csv_metrics_before_reorder": {
    "b_row_read_reduction": 0.26710816777041946,
    "block_utilization_avg": 0.3420496193783838,
    "csv_vector_count": 332,
    "lane_utilization": 0.3411144578313253,
    "nnz": 453,
    "pe_lanes": 4,
    "row_blocks": 16,
    "valid_lane_count": 453
  },
  "csv_vector_count": 275,
  "csv_vector_width": 192,
  "csv_words_per_vector": 6
}
