{
  "a_original_stats": {
    "col_nnz": [
      9,
      13,
      12,
      13,
      18,
      10,
      14,
      19,
      18,
      13,
      15,
      14,
      11,
      15,
      16,
      12,
      20,
      15,
      7,
      6,
      9,
      13,
      16,
      12,
      16,
      18,
      14,
      19,
      15,
      14,
      16,
      20,
      21,
      13,
      18,
      17,
      16,
      17,
      15,
      14,
      16,
      16,
      7,
      19,
      11,
      11,
      17,
      11,
      12,
      14,
      16,
      15,
      12,
      16,
      15,
      8,
      18,
      13,
      17,
      20,
      17,
      15,
      18,
      16
    ],
    "col_nnz_avg": 14.578125,
    "col_nnz_max": 21,
    "col_nnz_min": 6,
    "cols": 64,
    "density": 0.227783203125,
    "nnz": 933,
    "row_nnz": [
      12,
      11,
      13,
      19,
      19,
      18,
      19,
      12,
      16,
      13,
      12,
      13,
      12,
      19,
      14,
      11,
      19,
      12,
      13,
      15,
      17,
      19,
      13,
      10,
      14,
      12,
      19,
      16,
      18,
      13,
      13,
      12,
      14,
      12,
      11,
      18,
      14,
      19,
      14,
      11,
      11,
      10,
      12,
      12,
      18,
      18,
      18,
      14,
      16,
      16,
      18,
      17,
      17,
      11,
      14,
      10,
      12,
      13,
      19,
      18,
      13,
      17,
      17,
      11
    ],
    "row_nnz_avg": 14.578125,
    "row_nnz_max": 19,
    "row_nnz_min": 10,
    "rows": 64
  },
  "a_reordered_stats": {
    "col_nnz": [
      9,
      13,
      12,
      13,
      18,
      10,
      14,
      19,
      18,
      13,
      15,
      14,
      11,
      15,
      16,
      12,
      20,
      15,
      7,
      6,
      9,
      13,
      16,
      12,
      16,
      18,
      14,
      19,
      15,
      14,
      16,
      20,
      21,
      13,
      18,
      17,
      16,
      17,
      15,
      14,
      16,
      16,
      7,
      19,
      11,
      11,
      17,
      11,
      12,
      14,
      16,
      15,
      12,
      16,
      15,
      8,
      18,
      13,
      17,
      20,
      17,
      15,
      18,
      16
    ],
    "col_nnz_avg": 14.578125,
    "col_nnz_max": 21,
    "col_nnz_min": 6,
    "cols": 64,
    "density": 0.227783203125,
    "nnz": 933,
    "row_nnz": [
      19,
      17,
      17,
      19,
      19,
      18,
      19,
      19,
      18,
      11,
      19,
      18,
      12,
      19,
      13,
      17,
      18,
      19,
      18,
      19,
      18,
      18,
      17,
      18,
      12,
      15,
      17,
      13,
      14,
      12,
      11,
      16,
      16,
      14,
      14,
      10,
      12,
      12,
      11,
      13,
      16,
      12,
      13,
      14,
      14,
      14,
      13,
      11,
      14,
      16,
      12,
      13,
      11,
      13,
      12,
      13,
      12,
      12,
      11,
      13,
      10,
      11,
      12,
      10
    ],
    "row_nnz_avg": 14.578125,
    "row_nnz_max": 19,
    "row_nnz_min": 10,
    "rows": 64
  },
  "b_stats": {
    "col_nnz": [
      13,
      16,
      16,
      12,
      11,
      13,
      17,
      10,
      16,
      12,
      18,
      18,
      11,
      19,
      15,
      19,
      19,
      19,
      11,
      11,
      16,
      17,
      14,
      15,
      19,
      11,
      19,
      12,
      15,
      16,
      13,
      12,
      10,
      19,
      15,
      11,
      12,
      15,
      18,
      11,
      19,
      12,
      10,
      11,
      12,
      13,
      15,
      17,
      14,
      19,
      13,
      12,
      19,
      18,
      16,
      10,
      15,
      19,
      17,
      17,
      14,
      15,
      17,
      14
    ],
    "col_nnz_avg": 14.75,
    "col_nnz_max": 19,
    "col_nnz_min": 10,
    "cols": 64,
    "density": 0.23046875,
    "nnz": 944,
    "row_nnz": [
      11,
      17,
      10,
      18,
      18,
      12,
      17,
      10,
      14,
      16,
      14,
      19,
      14,
      13,
      17,
      16,
      19,
      13,
      14,
      15,
      16,
      14,
      9,
      14,
      16,
      11,
      12,
      15,
      9,
      7,
      24,
      14,
      14,
      18,
      16,
      14,
      15,
      18,
      17,
      23,
      14,
      16,
      14,
      11,
      13,
      13,
      11,
      11,
      16,
      13,
      22,
      21,
      15,
      13,
      16,
      13,
      14,
      13,
      19,
      16,
      11,
      17,
      15,
      14
    ],
    "row_nnz_avg": 14.75,
    "row_nnz_max": 24,
    "row_nnz_min": 7,
    "rows": 64
  },
  "c_original_order_stats": {
    "col_nnz": [
      61,
      60,
      62,
      61,
      59,
      61,
      63,
      53,
      63,
      62,
      63,
      61,
      59,
      63,
      62,
      64,
      63,
      64,
      57,
      58,
      63,
      64,
      60,
      61,
      62,
      56,
      62,
      62,
      62,
      64,
      63,
      62,
      60,
      64,
      63,
      61,
      60,
      60,
      60,
      63,
      64,
      60,
      57,
      64,
      61,
      62,
      63,
      63,
      63,
      63,
      59,
      59,
      62,
      61,
      62,
      56,
      61,
      64,
      64,
      64,
      62,
      63,
      63,
      59
    ],
    "col_nnz_avg": 61.40625,
    "col_nnz_max": 64,
    "col_nnz_min": 53,
    "cols": 64,
    "density": 0.95947265625,
    "nnz": 3930,
    "row_nnz": [
      60,
      60,
      60,
      64,
      63,
      63,
      62,
      60,
      62,
      60,
      57,
      62,
      58,
      63,
      61,
      59,
      62,
      60,
      63,
      63,
      64,
      63,
      62,
      58,
      63,
      57,
      64,
      63,
      63,
      63,
      61,
      59,
      63,
      61,
      60,
      63,
      64,
      64,
      64,
      56,
      61,
      60,
      63,
      59,
      62,
      61,
      61,
      63,
      63,
      62,
      62,
      64,
      63,
      60,
      63,
      55,
      63,
      62,
      63,
      63,
      59,
      63,
      61,
      57
    ],
    "row_nnz_avg": 61.40625,
    "row_nnz_max": 64,
    "row_nnz_min": 55,
    "rows": 64
  },
  "c_reordered_order_stats": {
    "col_nnz": [
      61,
      60,
      62,
      61,
      59,
      61,
      63,
      53,
      63,
      62,
      63,
      61,
      59,
      63,
      62,
      64,
      63,
      64,
      57,
      58,
      63,
      64,
      60,
      61,
      62,
      56,
      62,
      62,
      62,
      64,
      63,
      62,
      60,
      64,
      63,
      61,
      60,
      60,
      60,
      63,
      64,
      60,
      57,
      64,
      61,
      62,
      63,
      63,
      63,
      63,
      59,
      59,
      62,
      61,
      62,
      56,
      61,
      64,
      64,
      64,
      62,
      63,
      63,
      59
    ],
    "col_nnz_avg": 61.40625,
    "col_nnz_max": 64,
    "col_nnz_min": 53,
    "cols": 64,
    "density": 0.95947265625,
    "nnz": 3930,
    "row_nnz": [
      64,
      63,
      63,
      63,
      64,
      63,
      63,
      64,
      63,
      61,
      63,
      61,
      59,
      62,
      63,
      64,
      62,
      62,
      63,
      63,
      61,
      63,
      64,
      62,
      63,
      63,
      61,
      62,
      63,
      61,
      59,
      63,
      62,
      64,
      61,
      60,
      60,
      59,
      60,
      60,
      62,
      57,
      62,
      63,
      63,
      63,
      59,
      60,
      64,
      63,
      58,
      61,
      57,
      63,
      60,
      62,
      60,
      63,
      56,
      60,
      58,
      60,
      57,
      55
    ],
    "row_nnz_avg": 61.40625,
    "row_nnz_max": 64,
    "row_nnz_min": 55,
    "rows": 64
  },
  "csv_mask_width": 64,
  "csv_mask_words": 2,